-- MySQL dump 10.13  Distrib 8.0.26, for Win64 (x86_64)
--
-- Host: 127.0.0.1    Database: furniture
-- ------------------------------------------------------
-- Server version	8.0.27

/*!40101 SET @OLD_CHARACTER_SET_CLIENT=@@CHARACTER_SET_CLIENT */;
/*!40101 SET @OLD_CHARACTER_SET_RESULTS=@@CHARACTER_SET_RESULTS */;
/*!40101 SET @OLD_COLLATION_CONNECTION=@@COLLATION_CONNECTION */;
/*!50503 SET NAMES utf8 */;
/*!40103 SET @OLD_TIME_ZONE=@@TIME_ZONE */;
/*!40103 SET TIME_ZONE='+00:00' */;
/*!40014 SET @OLD_UNIQUE_CHECKS=@@UNIQUE_CHECKS, UNIQUE_CHECKS=0 */;
/*!40014 SET @OLD_FOREIGN_KEY_CHECKS=@@FOREIGN_KEY_CHECKS, FOREIGN_KEY_CHECKS=0 */;
/*!40101 SET @OLD_SQL_MODE=@@SQL_MODE, SQL_MODE='NO_AUTO_VALUE_ON_ZERO' */;
/*!40111 SET @OLD_SQL_NOTES=@@SQL_NOTES, SQL_NOTES=0 */;

--
-- Table structure for table `category`
--

DROP TABLE IF EXISTS `category`;
/*!40101 SET @saved_cs_client     = @@character_set_client */;
/*!50503 SET character_set_client = utf8mb4 */;
CREATE TABLE `category` (
  `cat_id` int NOT NULL AUTO_INCREMENT,
  `cat_name` varchar(255) NOT NULL,
  `cat_description` varchar(255) DEFAULT NULL,
  PRIMARY KEY (`cat_id`)
) ENGINE=InnoDB AUTO_INCREMENT=4 DEFAULT CHARSET=utf8mb4 COLLATE=utf8mb4_0900_ai_ci;
/*!40101 SET character_set_client = @saved_cs_client */;

--
-- Dumping data for table `category`
--

LOCK TABLES `category` WRITE;
/*!40000 ALTER TABLE `category` DISABLE KEYS */;
INSERT INTO `category` VALUES (1,'tables','dining tables'),(2,'chairs','to sit on'),(3,'shelf','racks, shelf');
/*!40000 ALTER TABLE `category` ENABLE KEYS */;
UNLOCK TABLES;

--
-- Table structure for table `furniture`
--

DROP TABLE IF EXISTS `furniture`;
/*!40101 SET @saved_cs_client     = @@character_set_client */;
/*!50503 SET character_set_client = utf8mb4 */;
CREATE TABLE `furniture` (
  `it_id` int NOT NULL AUTO_INCREMENT,
  `name` varchar(45) NOT NULL,
  `description` longtext NOT NULL,
  `price` double NOT NULL,
  `quantity` int NOT NULL,
  `cat_id` int NOT NULL,
  `images` longtext NOT NULL,
  `item_code` varchar(45) NOT NULL,
  `dimension` varchar(45) NOT NULL,
  PRIMARY KEY (`it_id`),
  UNIQUE KEY `item_code_UNIQUE` (`item_code`),
  KEY `catid_idx` (`cat_id`),
  CONSTRAINT `catid` FOREIGN KEY (`cat_id`) REFERENCES `category` (`cat_id`)
) ENGINE=InnoDB AUTO_INCREMENT=9 DEFAULT CHARSET=utf8mb4 COLLATE=utf8mb4_0900_ai_ci;
/*!40101 SET character_set_client = @saved_cs_client */;

--
-- Dumping data for table `furniture`
--

LOCK TABLES `furniture` WRITE;
/*!40000 ALTER TABLE `furniture` DISABLE KEYS */;
INSERT INTO `furniture` VALUES (1,'dining table','table for dining',888,20,1,'table.jpg','1234','160x80x60'),(5,'study chair','chiar for studying',30,100,2,'chair.png','23','40x40x50'),(6,'rack','for displaying',10,1000,3,'rack.jpg','33','100x40x10'),(7,'study table','table for studying',100,25,1,'studytable.jpg','4','100x50x50'),(8,'stools','for sitting',20,5000,2,'stool.jpg','5','30x30x50');
/*!40000 ALTER TABLE `furniture` ENABLE KEYS */;
UNLOCK TABLES;

--
-- Table structure for table `recommend`
--

DROP TABLE IF EXISTS `recommend`;
/*!40101 SET @saved_cs_client     = @@character_set_client */;
/*!50503 SET character_set_client = utf8mb4 */;
CREATE TABLE `recommend` (
  `recommend_id` int NOT NULL AUTO_INCREMENT,
  `furniture_id` int DEFAULT NULL,
  `rec_furniture_id` int DEFAULT NULL,
  PRIMARY KEY (`recommend_id`),
  KEY `furniture_id_idx` (`furniture_id`),
  KEY `rec_furniture_id_idx` (`rec_furniture_id`),
  CONSTRAINT `furniture_id` FOREIGN KEY (`furniture_id`) REFERENCES `furniture` (`it_id`),
  CONSTRAINT `rec_furniture_id` FOREIGN KEY (`rec_furniture_id`) REFERENCES `furniture` (`it_id`)
) ENGINE=InnoDB AUTO_INCREMENT=7 DEFAULT CHARSET=utf8mb4 COLLATE=utf8mb4_0900_ai_ci;
/*!40101 SET character_set_client = @saved_cs_client */;

--
-- Dumping data for table `recommend`
--

LOCK TABLES `recommend` WRITE;
/*!40000 ALTER TABLE `recommend` DISABLE KEYS */;
INSERT INTO `recommend` VALUES (1,1,8),(2,8,1),(3,5,7),(4,7,5),(5,7,8),(6,8,7);
/*!40000 ALTER TABLE `recommend` ENABLE KEYS */;
UNLOCK TABLES;

--
-- Table structure for table `user`
--

DROP TABLE IF EXISTS `user`;
/*!40101 SET @saved_cs_client     = @@character_set_client */;
/*!50503 SET character_set_client = utf8mb4 */;
CREATE TABLE `user` (
  `userid` int NOT NULL AUTO_INCREMENT,
  `username` varchar(255) NOT NULL,
  `email` varchar(100) NOT NULL,
  `role` varchar(45) NOT NULL,
  `password` varchar(45) NOT NULL,
  PRIMARY KEY (`userid`),
  UNIQUE KEY `username_UNIQUE` (`username`),
  UNIQUE KEY `email_UNIQUE` (`email`)
) ENGINE=InnoDB AUTO_INCREMENT=6 DEFAULT CHARSET=utf8mb4 COLLATE=utf8mb4_0900_ai_ci;
/*!40101 SET character_set_client = @saved_cs_client */;

--
-- Dumping data for table `user`
--

LOCK TABLES `user` WRITE;
/*!40000 ALTER TABLE `user` DISABLE KEYS */;
INSERT INTO `user` VALUES (1,'Samsudin','samsudin@bmail.com','user','abc123'),(2,'hidayat','hidayat@gmail.com','admin','xyc987'),(3,'boot','boot@mail.com','user','boot123'),(5,'camper','camper@mail.com','user','camper123');
/*!40000 ALTER TABLE `user` ENABLE KEYS */;
UNLOCK TABLES;
/*!40103 SET TIME_ZONE=@OLD_TIME_ZONE */;

/*!40101 SET SQL_MODE=@OLD_SQL_MODE */;
/*!40014 SET FOREIGN_KEY_CHECKS=@OLD_FOREIGN_KEY_CHECKS */;
/*!40014 SET UNIQUE_CHECKS=@OLD_UNIQUE_CHECKS */;
/*!40101 SET CHARACTER_SET_CLIENT=@OLD_CHARACTER_SET_CLIENT */;
/*!40101 SET CHARACTER_SET_RESULTS=@OLD_CHARACTER_SET_RESULTS */;
/*!40101 SET COLLATION_CONNECTION=@OLD_COLLATION_CONNECTION */;
/*!40111 SET SQL_NOTES=@OLD_SQL_NOTES */;

-- Dump completed on 2022-01-13  9:37:21
